{
    "title" : "Sonnen Mac Onboarding",
    "message" : "Bitte warten Sie, während wir Ihren Mac konfigurieren...",
    "blurscreen":true,
    "moveable":false,
    "ontop":true,
    "centreicon":false,
    "iconsize" : "0",
    "listitem" : [
      {"title" : "Company Portal", "icon" : "/Library/Application Support/Microsoft/IntuneScripts/Swift dialog/icons/CompanyPortal.png", "status" : "pending", "statustext" : "Pending"},
      {"title" : "Microsoft Office", "icon" : "/Library/Application Support/Microsoft/IntuneScripts/Swift dialog/icons/office.png", "status" : "pending", "statustext" : "Pending"},
      {"title" : "Microsoft Edge", "icon" : "/Library/Application Support/Microsoft/IntuneScripts/Swift dialog/icons/Edge.png", "status" : "pending", "statustext" : "Pending"},
      {"title" : "Dock", "icon" : "/Library/Application Support/Microsoft/IntuneScripts/Swift dialog/icons/Settings.png", "status" : "pending", "statustext" : "Pending"}
    ]
  }